Id,Tanggal,Jumlah,Keterangan,branch_id
1,2026-01-05T17:00:00,37349,Beli Sabun,1
2,2026-01-11T17:00:00,52328,Beli Sabun,1
3,2026-01-12T17:00:00,25306,Beli Sabun,1
4,2026-01-14T17:00:00,38673,Beli Semir Ban,1
5,2026-01-15T17:00:00,24613,Mekanik Tool,1
6,2026-01-16T17:00:00,18494,Listrik & Air,1
7,2026-01-17T17:00:00,60898,Listrik & Air,1
8,2026-01-21T17:00:00,15251,Beli Semir Ban,1
9,2026-01-24T17:00:00,40109,Beli Semir Ban,1
10,2026-01-26T17:00:00,16020,Mekanik Tool,1
11,2026-01-31T17:00:00,68253,Beli Sabun,1
12,2026-02-02T17:00:00,36419,Beli Semir Ban,1
13,2026-02-05T17:00:00,17384,Beli Semir Ban,1
14,2026-02-07T17:00:00,56011,Mekanik Tool,1
15,2026-02-08T17:00:00,47679,Beli Sabun,1
16,2026-02-11T17:00:00,27741,Beli Semir Ban,1
17,2026-02-12T17:00:00,39938,Beli Sabun,1
18,2026-02-14T17:00:00,62421,Listrik & Air,1
19,2026-02-24T17:00:00,19403,Mekanik Tool,1
20,2026-02-25T17:00:00,24341,Beli Sabun,1
21,2026-02-28T17:00:00,50453,Mekanik Tool,1
22,2026-03-01T17:00:00,49400,Beli Sabun,1
23,2026-03-05T17:00:00,19262,Listrik & Air,1
24,2026-03-09T17:00:00,36419,Beli Sabun,1
25,2026-03-13T17:00:00,34204,Beli Sabun,1
26,2026-03-17T17:00:00,32534,Mekanik Tool,1
27,2026-03-18T17:00:00,38418,Mekanik Tool,1
28,2026-03-21T17:00:00,67785,Mekanik Tool,1
29,2026-03-24T17:00:00,19971,Mekanik Tool,1
30,2026-03-26T17:00:00,21221,Mekanik Tool,1
31,2026-03-28T17:00:00,33213,Beli Semir Ban,1
32,2026-03-30T17:00:00,15134,Beli Sabun,1
33,2026-03-31T17:00:00,19262,Beli Sabun,1
34,2026-04-02T17:00:00,36655,Listrik & Air,1
35,2026-04-03T17:00:00,28671,Beli Semir Ban,1
36,2026-04-10T17:00:00,39914,Listrik & Air,1
37,2026-04-11T17:00:00,38697,Beli Semir Ban,1
38,2026-04-13T17:00:00,26267,Mekanik Tool,1
39,2026-04-14T17:00:00,15399,Listrik & Air,1
40,2026-04-16T17:00:00,18356,Beli Semir Ban,1
41,2026-04-17T17:00:00,30370,Listrik & Air,1
42,2026-04-21T17:00:00,30154,Beli Semir Ban,1
43,2026-04-27T17:00:00,26647,Beli Sabun,1
44,2026-04-28T17:00:00,17821,Mekanik Tool,1
45,2026-04-29T17:00:00,15681,Beli Semir Ban,1
46,2026-05-05T17:00:00,29613,Beli Semir Ban,1
47,2026-05-07T17:00:00,35920,Listrik & Air,1
48,2026-05-10T17:00:00,37272,Beli Semir Ban,1
49,2026-05-12T17:00:00,15879,Beli Sabun,1
50,2026-05-14T17:00:00,34889,Listrik & Air,1
51,2026-05-17T17:00:00,43199,Mekanik Tool,1
52,2026-05-18T17:00:00,34204,Mekanik Tool,1
53,2026-05-19T17:00:00,39802,Mekanik Tool,1
54,2026-05-23T17:00:00,63406,Mekanik Tool,1
55,2026-05-28T17:00:00,21946,Listrik & Air,1
56,2026-05-29T17:00:00,37734,Mekanik Tool,1
57,2026-05-30T17:00:00,38714,Beli Sabun,1
58,2026-06-02T17:00:00,26447,Beli Semir Ban,1
59,2026-06-07T17:00:00,67904,Beli Semir Ban,1
60,2026-06-08T17:00:00,33117,Listrik & Air,1
61,2026-06-10T17:00:00,33584,Beli Sabun,1
62,2026-01-03T17:00:00,52311,Listrik & Air,2
63,2026-01-04T17:00:00,55748,Listrik & Air,2
64,2026-01-05T17:00:00,24052,Beli Sabun,2
65,2026-01-06T17:00:00,23192,Beli Semir Ban,2
66,2026-01-09T17:00:00,24073,Beli Semir Ban,2
67,2026-01-10T17:00:00,66468,Listrik & Air,2
68,2026-01-12T17:00:00,16769,Mekanik Tool,2
69,2026-01-14T17:00:00,30162,Beli Sabun,2
70,2026-01-15T17:00:00,16461,Beli Semir Ban,2
71,2026-01-18T17:00:00,50809,Beli Sabun,2
72,2026-01-19T17:00:00,36460,Beli Semir Ban,2
73,2026-01-20T17:00:00,15660,Beli Semir Ban,2
74,2026-01-21T17:00:00,19935,Mekanik Tool,2
75,2026-01-23T17:00:00,19696,Beli Sabun,2
76,2026-01-24T17:00:00,55064,Beli Sabun,2
77,2026-01-25T17:00:00,50392,Listrik & Air,2
78,2026-01-28T17:00:00,37897,Mekanik Tool,2
79,2026-01-29T17:00:00,16786,Listrik & Air,2
80,2026-02-01T17:00:00,60403,Mekanik Tool,2
81,2026-02-02T17:00:00,30813,Beli Sabun,2
82,2026-02-05T17:00:00,35680,Mekanik Tool,2
83,2026-02-10T17:00:00,31994,Mekanik Tool,2
84,2026-02-13T17:00:00,18099,Mekanik Tool,2
85,2026-02-14T17:00:00,43251,Mekanik Tool,2
86,2026-02-15T17:00:00,53374,Beli Sabun,2
87,2026-02-18T17:00:00,38847,Mekanik Tool,2
88,2026-02-21T17:00:00,68740,Beli Sabun,2
89,2026-02-26T17:00:00,39761,Mekanik Tool,2
90,2026-02-27T17:00:00,20539,Listrik & Air,2
91,2026-02-28T17:00:00,34612,Mekanik Tool,2
92,2026-03-03T17:00:00,34217,Beli Sabun,2
93,2026-03-05T17:00:00,28014,Beli Sabun,2
94,2026-03-09T17:00:00,27450,Mekanik Tool,2
95,2026-03-11T17:00:00,31257,Mekanik Tool,2
96,2026-03-13T17:00:00,36017,Listrik & Air,2
97,2026-03-15T17:00:00,59239,Beli Sabun,2
98,2026-03-18T17:00:00,21339,Beli Semir Ban,2
99,2026-03-24T17:00:00,26060,Mekanik Tool,2
100,2026-03-25T17:00:00,34427,Mekanik Tool,2
101,2026-03-27T17:00:00,23660,Beli Semir Ban,2
102,2026-03-28T17:00:00,57539,Mekanik Tool,2
103,2026-03-30T17:00:00,21851,Beli Semir Ban,2
104,2026-04-05T17:00:00,53269,Listrik & Air,2
105,2026-04-07T17:00:00,27657,Mekanik Tool,2
106,2026-04-09T17:00:00,33525,Beli Sabun,2
107,2026-04-12T17:00:00,43278,Mekanik Tool,2
108,2026-04-14T17:00:00,20188,Beli Sabun,2
109,2026-04-15T17:00:00,29666,Beli Semir Ban,2
110,2026-04-17T17:00:00,15249,Beli Sabun,2
111,2026-04-22T17:00:00,24899,Mekanik Tool,2
112,2026-04-23T17:00:00,16371,Beli Sabun,2
113,2026-04-28T17:00:00,36637,Beli Semir Ban,2
114,2026-04-30T17:00:00,19970,Beli Sabun,2
115,2026-05-12T17:00:00,20795,Beli Semir Ban,2
116,2026-05-16T17:00:00,33040,Beli Sabun,2
117,2026-05-19T17:00:00,27555,Mekanik Tool,2
118,2026-05-21T17:00:00,17541,Listrik & Air,2
119,2026-05-22T17:00:00,26196,Mekanik Tool,2
120,2026-05-23T17:00:00,60008,Beli Sabun,2
121,2026-05-25T17:00:00,18269,Beli Semir Ban,2
122,2026-05-29T17:00:00,21526,Mekanik Tool,2
123,2026-05-30T17:00:00,39575,Listrik & Air,2
124,2026-05-31T17:00:00,44502,Beli Semir Ban,2
125,2026-06-02T17:00:00,35608,Beli Sabun,2
126,2026-06-04T17:00:00,34811,Listrik & Air,2
127,2026-01-01T17:00:00,19486,Mekanik Tool,3
128,2026-01-04T17:00:00,52307,Beli Sabun,3
129,2026-01-05T17:00:00,34152,Beli Semir Ban,3
130,2026-01-10T17:00:00,61107,Mekanik Tool,3
131,2026-01-14T17:00:00,29603,Beli Sabun,3
132,2026-01-18T17:00:00,41910,Listrik & Air,3
133,2026-01-19T17:00:00,32166,Listrik & Air,3
134,2026-01-21T17:00:00,20129,Beli Semir Ban,3
135,2026-01-24T17:00:00,41558,Listrik & Air,3
136,2026-01-27T17:00:00,26063,Beli Sabun,3
137,2026-01-28T17:00:00,15487,Listrik & Air,3
138,2026-01-29T17:00:00,23863,Beli Semir Ban,3
139,2026-01-30T17:00:00,31142,Mekanik Tool,3
140,2026-02-03T17:00:00,39740,Beli Sabun,3
141,2026-02-06T17:00:00,18701,Mekanik Tool,3
142,2026-02-07T17:00:00,37464,Beli Sabun,3
143,2026-02-08T17:00:00,68984,Beli Semir Ban,3
144,2026-02-09T17:00:00,39526,Listrik & Air,3
145,2026-02-10T17:00:00,18134,Beli Semir Ban,3
146,2026-02-11T17:00:00,31993,Listrik & Air,3
147,2026-02-12T17:00:00,15220,Listrik & Air,3
148,2026-02-14T17:00:00,47076,Mekanik Tool,3
149,2026-02-15T17:00:00,45792,Beli Sabun,3
150,2026-02-16T17:00:00,39804,Mekanik Tool,3
151,2026-02-18T17:00:00,34120,Mekanik Tool,3
152,2026-02-19T17:00:00,23463,Mekanik Tool,3
153,2026-02-22T17:00:00,36647,Beli Semir Ban,3
154,2026-03-03T17:00:00,29737,Beli Semir Ban,3
155,2026-03-05T17:00:00,26835,Beli Sabun,3
156,2026-03-06T17:00:00,28868,Listrik & Air,3
157,2026-03-08T17:00:00,54213,Mekanik Tool,3
158,2026-03-09T17:00:00,29484,Listrik & Air,3
159,2026-03-11T17:00:00,15816,Listrik & Air,3
160,2026-03-12T17:00:00,16925,Mekanik Tool,3
161,2026-03-13T17:00:00,36688,Beli Sabun,3
162,2026-03-17T17:00:00,19587,Beli Sabun,3
163,2026-03-18T17:00:00,34672,Listrik & Air,3
164,2026-03-19T17:00:00,34214,Beli Sabun,3
165,2026-03-21T17:00:00,46115,Beli Sabun,3
166,2026-03-23T17:00:00,19537,Beli Sabun,3
167,2026-03-24T17:00:00,18697,Beli Semir Ban,3
168,2026-03-28T17:00:00,45633,Mekanik Tool,3
169,2026-04-03T17:00:00,23581,Beli Semir Ban,3
170,2026-04-05T17:00:00,63920,Beli Semir Ban,3
171,2026-04-07T17:00:00,37889,Mekanik Tool,3
172,2026-04-08T17:00:00,16873,Beli Semir Ban,3
173,2026-04-11T17:00:00,48403,Beli Sabun,3
174,2026-04-17T17:00:00,27766,Beli Sabun,3
175,2026-04-20T17:00:00,25707,Beli Sabun,3
176,2026-04-25T17:00:00,47261,Listrik & Air,3
177,2026-04-28T17:00:00,26181,Mekanik Tool,3
178,2026-04-29T17:00:00,38050,Beli Semir Ban,3
179,2026-04-30T17:00:00,16439,Beli Sabun,3
180,2026-05-03T17:00:00,66260,Listrik & Air,3
181,2026-05-06T17:00:00,23341,Listrik & Air,3
182,2026-05-08T17:00:00,22869,Listrik & Air,3
183,2026-05-09T17:00:00,36795,Beli Semir Ban,3
184,2026-05-10T17:00:00,44573,Beli Semir Ban,3
185,2026-05-17T17:00:00,47014,Beli Semir Ban,3
186,2026-05-18T17:00:00,27631,Beli Sabun,3
187,2026-05-19T17:00:00,35994,Listrik & Air,3
188,2026-05-23T17:00:00,46613,Listrik & Air,3
189,2026-05-25T17:00:00,33490,Mekanik Tool,3
190,2026-06-04T17:00:00,18332,Beli Semir Ban,3
191,2026-06-06T17:00:00,57898,Listrik & Air,3
192,2026-06-07T17:00:00,67560,Beli Sabun,3
193,2026-06-08T17:00:00,28168,Beli Sabun,3
